City_ID,City,Cloudiness(%),Country,Date,Humidity(%),Latitude,Longitude,Max Temp(F),Wind Speed(mph)
0,bodden town,40,KY,1613174544,69,19.28,-81.25,80.6,12.66
1,khatanga,93,RU,1613174483,86,71.97,102.5,-25.91,7.47
2,rikitea,37,PF,1613174486,70,-23.12,-134.97,80.56,9.15
3,ponta do sol,15,PT,1613174476,86,32.67,-17.1,55.99,5.99
4,hobart,75,AU,1613174377,48,-42.88,147.33,66.0,9.22
5,bambanglipuro,98,ID,1613174533,86,-7.95,110.28,77.13,3.4
6,busselton,0,AU,1613174466,75,-33.65,115.33,64.99,1.99
7,olafsvik,88,IS,1613174048,73,64.89,-23.71,39.6,26.64
8,yerbogachen,19,RU,1613174243,85,61.28,108.01,-29.16,3.38
9,bisert,99,RU,1613174546,96,56.86,59.05,17.6,5.21
10,nikolskoye,75,RU,1613174053,77,59.7,30.79,3.0,2.24
11,mataura,78,NZ,1613174465,60,-46.19,168.86,66.99,7.0
12,nara,0,JP,1613174357,81,34.69,135.8,53.01,2.3
13,kathu,20,TH,1613174543,88,7.92,98.33,82.99,4.61
14,saldanha,0,ZA,1613174539,82,-33.01,17.94,64.4,9.22
15,yarim,9,YE,1613174547,48,14.3,44.38,49.57,2.04
16,port alfred,62,ZA,1613174504,95,-33.59,26.89,73.99,4.0
17,dikson,88,RU,1613174547,87,73.51,80.55,-25.76,11.1
18,punta arenas,0,CL,1613174467,47,-53.15,-70.92,57.2,24.16
19,souillac,40,MU,1613174049,83,-20.52,57.52,77.0,14.97
20,tiksi,39,RU,1613173966,91,71.69,128.87,-11.18,1.88
21,butaritari,29,KI,1613173978,83,3.07,172.79,81.21,12.15
22,salinopolis,100,BR,1613174247,87,-0.61,-47.36,79.0,11.77
23,kapaa,20,US,1613174480,57,22.08,-159.32,77.0,9.22
24,dakar,0,SN,1613174322,77,14.69,-17.44,66.2,11.5
25,ushuaia,75,AR,1613174405,41,-54.8,-68.3,59.0,12.66
26,awallan,63,PH,1613174549,77,17.92,121.91,72.73,1.41
27,jalu,0,LY,1613174090,63,29.03,21.55,52.11,7.02
28,acapulco,20,MX,1613174333,69,16.86,-99.89,80.6,12.66
29,doha,0,QA,1613174259,77,25.29,51.53,64.4,8.05
30,san luis,21,AR,1613174550,49,-33.3,-66.34,72.27,2.04
31,qaanaaq,0,GL,1613174505,70,77.48,-69.36,-1.39,4.76
32,puerto cabezas,75,NI,1613174425,83,14.04,-83.39,82.4,4.61
33,cape town,0,ZA,1613174484,88,-33.93,18.42,70.0,6.91
34,aksu,0,CN,1613174083,90,41.12,80.26,28.09,1.34
35,green river,90,US,1613174551,79,41.53,-109.47,15.8,5.75
36,cidreira,100,BR,1613174517,81,-30.18,-50.21,75.33,14.81
37,terrace,75,CA,1613174449,58,54.52,-128.6,19.4,13.8
38,katsuura,20,JP,1613174014,61,35.13,140.3,51.01,5.75
39,nantucket,90,US,1613174335,68,41.28,-70.1,24.01,4.61
40,port elizabeth,75,ZA,1613174534,94,-33.92,25.57,75.2,12.66
41,bethel,90,US,1613174053,33,41.37,-73.41,28.4,4.61
42,lavrentiya,100,RU,1613174552,90,65.58,-171.0,-6.09,20.02
43,olinda,40,BR,1613174080,73,-8.01,-34.86,78.8,10.36
44,roma,1,US,1613174188,48,43.21,-75.46,10.4,1.59
45,talnakh,100,RU,1613173992,85,69.49,88.4,-22.43,1.1
46,ancud,0,CL,1613174030,55,-41.87,-73.82,64.4,8.05
47,balatonalmadi,4,HU,1613174554,52,47.04,18.02,19.0,1.99
48,tuktoyaktuk,75,CA,1613174509,77,69.45,-133.04,-5.8,4.61
49,toktogul,100,KG,1613174554,60,41.87,72.94,39.96,1.52
50,saint-philippe,20,RE,1613174545,69,-21.36,55.77,78.8,14.97
51,brandon,1,US,1613174335,73,27.94,-82.29,75.99,5.3
52,ribeira grande,83,PT,1613174500,78,38.52,-28.7,60.31,28.41
53,dalianwan,90,CN,1613174555,100,39.03,121.69,37.4,6.71
54,cherskiy,0,RU,1613174529,80,68.75,161.3,-22.77,2.13
55,airai,82,TL,1613174535,96,-8.93,125.41,68.23,1.45
56,san jeronimo,98,PE,1613174555,79,-11.95,-75.28,46.6,3.74
57,amod,0,IN,1613174556,29,21.98,72.9,69.62,5.86
58,namibe,46,AO,1613173997,73,-15.2,12.15,73.9,1.5
59,narsaq,75,GL,1613174051,29,60.92,-46.05,44.6,31.07
60,barrow,90,US,1613174482,70,71.29,-156.79,-9.4,8.05
61,amot,0,NO,1613174557,71,59.57,7.99,12.7,5.08
62,provideniya,99,RU,1613174525,89,64.38,-173.3,-0.69,31.29
63,hilo,20,US,1613174482,54,19.73,-155.09,82.4,11.5
64,severo-kurilsk,85,RU,1613174557,95,50.68,156.12,28.54,7.11
65,hithadhoo,100,MV,1613174552,74,-0.6,73.08,82.13,12.03
66,juneau,1,US,1613174455,34,58.3,-134.42,33.8,17.27
67,havre-saint-pierre,90,CA,1613174010,63,50.23,-63.6,21.2,11.5
68,albany,93,US,1613174476,42,42.6,-73.97,16.0,2.91
69,porto novo,40,BJ,1613174244,84,6.5,2.6,84.2,12.66
70,kloulklubed,90,PW,1613174032,89,7.04,134.26,80.6,4.61
71,bredasdorp,3,ZA,1613174493,78,-34.53,20.04,69.8,2.3
72,zyryanskoye,49,RU,1613174163,86,56.83,86.63,-23.06,6.15
73,atasu,97,KZ,1613174085,95,48.68,71.64,18.28,6.26
74,marawi,41,PH,1613174034,89,8.0,124.29,75.99,5.01
75,atuona,4,PF,1613174519,79,-9.8,-139.03,79.03,15.88
76,bilibino,11,RU,1613174154,80,68.05,166.44,-18.04,1.12
77,byron bay,91,AU,1613174275,65,-28.65,153.62,80.6,6.91
78,vaini,75,TO,1613174472,79,-21.2,-175.2,84.2,9.22
79,isangel,75,VU,1613173978,84,-19.55,169.27,84.2,4.29
80,torbay,90,CA,1613174526,93,47.67,-52.73,30.99,32.21
81,vao,32,NC,1613174116,76,-22.67,167.48,78.46,6.78
82,mahebourg,40,MU,1613174561,83,-20.41,57.7,77.0,14.97
83,ostrovnoy,100,RU,1613174059,92,68.05,39.51,1.56,9.84
84,constitucion,28,CL,1613174120,87,-35.33,-72.42,60.28,10.49
85,east london,38,ZA,1613174527,85,-33.02,27.91,75.38,7.87
86,chlorakas,40,CY,1613174561,82,34.8,32.41,51.8,8.05
87,lebu,21,CL,1613174511,83,-37.62,-73.65,59.14,14.36
88,anton lizardo,90,MX,1613174562,78,19.05,-95.98,70.0,23.02
89,sovetskiy,100,RU,1613174562,91,61.36,63.58,-9.58,4.47
90,kenai,1,US,1613174178,59,60.55,-151.26,32.0,13.8
91,puerto ayora,42,EC,1613174463,95,-0.74,-90.35,77.0,4.0
92,geraldton,99,AU,1613174087,36,-28.77,114.6,78.8,9.46
93,iquique,0,CL,1613174541,44,-20.22,-70.14,77.0,17.27
94,buraydah,0,SA,1613174032,67,26.33,43.98,59.0,4.61
95,mount gambier,90,AU,1613173998,88,-37.83,140.77,59.0,10.36
96,palmer,90,US,1613173984,53,42.16,-72.33,24.01,0.83
97,dzhebariki-khaya,81,RU,1613174564,84,62.22,135.8,1.36,1.5
98,alta floresta,100,BR,1613174213,95,-9.88,-56.09,73.29,3.15
99,arraial do cabo,100,BR,1613174561,87,-22.97,-42.03,76.41,18.63
100,avarua,20,CK,1613174465,70,-21.21,-159.78,84.2,4.61
101,tuatapere,89,NZ,1613173997,62,-46.13,167.68,66.99,5.99
102,alofi,93,NU,1613174046,79,-19.06,-169.92,84.2,9.22
103,tasiilaq,75,GL,1613174500,74,65.61,-37.64,30.2,36.82
104,hermanus,4,ZA,1613174480,85,-34.42,19.23,67.28,6.71
105,karratha,72,AU,1613174212,67,-20.74,116.85,81.07,5.03
106,yellowknife,20,CA,1613174487,70,62.46,-114.35,-11.0,2.3
107,castro,72,BR,1613174520,95,-24.79,-50.01,62.4,3.11
108,esperance,12,AU,1613174042,82,-33.87,121.9,60.8,5.75
109,namatanai,57,PG,1613174197,66,-3.67,152.43,85.96,4.18
110,tikrit,85,IQ,1613174566,49,34.61,43.68,56.7,2.15
111,taoudenni,0,ML,1613174109,18,22.68,-3.98,69.75,14.58
112,mason city,1,US,1613174567,54,43.15,-93.2,-7.6,16.11
113,tobol,100,KZ,1613174449,98,52.68,62.58,20.95,2.57
114,keningau,20,MY,1613174449,94,5.34,116.16,75.2,4.61
115,hasaki,20,JP,1613174001,81,35.73,140.83,42.8,4.61
116,san policarpo,34,PH,1613174482,85,12.18,125.51,78.64,4.07
117,methoni,65,GR,1613174540,87,36.82,21.7,54.0,4.61
118,morant bay,75,JM,1613174316,69,17.88,-76.41,80.6,21.85
119,madera,66,US,1613174568,74,37.17,-119.83,54.0,3.0
120,camocim,99,BR,1613174568,82,-2.9,-40.84,79.65,12.73
121,shihezi,95,CN,1613174568,96,44.3,86.03,11.52,0.51
122,riyadh,0,SA,1613174332,41,24.69,46.72,59.0,3.2
123,sao filipe,6,CV,1613174547,62,14.9,-24.5,72.99,14.99
124,sitka,20,US,1613174482,26,57.05,-135.33,39.2,11.5
125,vardo,75,NO,1613174567,78,70.37,31.11,8.6,14.97
126,bengkulu,96,ID,1613174569,81,-3.8,102.27,78.01,4.14
127,diamantino,97,BR,1613173930,87,-14.41,-56.45,72.79,5.03
128,tefe,20,BR,1613174506,79,-3.35,-64.71,84.2,3.44
129,darlowo,97,PL,1613174570,72,54.42,16.41,30.0,14.16
130,arman,100,RU,1613174283,87,59.7,150.17,11.46,2.48
131,kruisfontein,97,ZA,1613173972,88,-34.0,24.73,75.0,1.01
132,chokurdakh,12,RU,1613174554,71,70.63,147.92,-22.9,3.38
133,butler,90,US,1613174469,68,39.45,-84.57,27.0,5.75
134,bonavista,100,CA,1613174102,93,48.65,-53.11,30.99,9.22
135,sao joao da barra,100,BR,1613174043,82,-21.64,-41.05,77.68,15.37
136,bluff,83,NZ,1613174472,60,-46.6,168.33,66.99,7.0
137,marsaxlokk,20,MT,1613174572,88,35.84,14.54,57.99,6.91
138,carnarvon,54,AU,1613174528,100,-24.87,113.63,78.8,6.91
139,susner,0,IN,1613174572,31,23.95,76.08,60.75,3.62
140,jamestown,1,US,1613174487,67,42.1,-79.24,19.0,8.05
141,klaksvik,90,FO,1613174562,65,62.23,-6.59,37.4,21.85
142,peterborough,90,GB,1613174503,64,52.57,-0.25,28.99,17.27
143,gori,16,GE,1613174425,74,41.98,44.12,45.25,12.73
144,rio gallegos,0,AR,1613174299,24,-51.62,-69.22,66.2,17.27
145,portland,90,US,1613174104,74,45.52,-122.68,27.0,20.71
146,mar del plata,90,AR,1613174499,94,-38.0,-57.56,69.8,13.8
147,port moresby,40,PG,1613174533,70,-9.44,147.18,86.0,11.5
148,parichhatgarh,59,IN,1613174574,50,28.98,77.93,55.27,3.51
149,clyde river,75,CA,1613174194,85,70.47,-68.59,-0.4,19.57
150,pemangkat,100,ID,1613174273,89,1.17,108.97,77.49,9.89
151,maloh,38,PH,1613174575,74,9.06,122.99,81.25,1.9
152,new norfolk,39,AU,1613174504,51,-42.78,147.06,68.0,1.99
153,moron,75,AR,1613174395,73,-34.65,-58.62,75.99,11.5
154,taltal,17,CL,1613174203,71,-25.4,-70.48,66.85,3.42
155,kavaratti,81,IN,1613173979,63,10.57,72.64,80.69,7.63
156,longyearbyen,90,SJ,1613174576,85,78.22,15.64,8.6,6.91
157,izazi,100,TZ,1613174005,91,-7.2,35.73,68.11,1.92
158,san cristobal,56,VE,1613174146,70,7.77,-72.22,69.55,0.34
159,norman wells,20,CA,1613174560,71,65.28,-126.83,-2.2,5.75
160,leningradskiy,98,RU,1613173989,83,69.38,178.42,-18.8,7.72
161,lipin bor,100,RU,1613174577,90,60.26,37.98,-8.27,7.49
162,tarko-sale,100,RU,1613173884,83,64.92,77.78,-29.43,0.43
163,saskylakh,31,RU,1613174509,82,71.92,114.08,-28.55,1.95
164,barra patuca,10,HN,1613174578,77,15.8,-84.28,78.24,15.28
165,trincomalee,18,LK,1613174578,85,8.57,81.23,77.32,10.76
166,sioux lookout,75,CA,1613174254,49,50.1,-91.92,-11.2,3.44
167,chiang rai,70,TH,1613174561,100,19.92,99.92,66.0,1.72
168,adrar,0,MR,1613174069,20,20.5,-10.07,65.71,11.32
169,berbera,72,SO,1613174153,70,10.44,45.01,73.72,6.2
170,urucui,97,BR,1613174579,87,-7.23,-44.56,77.18,4.27
171,namtsy,0,RU,1613174339,78,62.72,129.67,-2.2,4.47
172,dingle,70,PH,1613174179,84,11.0,122.67,79.21,4.09
173,camopi,96,GF,1613174580,98,3.17,-52.32,73.06,3.09
174,harnosand,30,SE,1613174580,68,62.63,17.94,25.0,13.8
175,hofn,100,IS,1613174265,71,64.25,-15.21,40.82,20.8
176,petropavlovsk-kamchatskiy,75,RU,1613174553,67,53.05,158.65,10.4,11.18
177,cabo san lucas,1,MX,1613174519,60,22.89,-109.91,71.6,11.5
178,hurghada,0,EG,1613174581,36,27.26,33.81,64.4,13.8
179,fort nelson,1,CA,1613174092,61,58.81,-122.7,5.0,2.1
180,governador valadares,91,BR,1613174489,86,-18.85,-41.95,73.74,3.42
181,touros,20,BR,1613174100,78,-5.2,-35.46,80.6,9.22
182,mbanza-ngungu,67,CD,1613174582,100,-5.25,14.87,68.38,3.76
183,ternate,98,ID,1613174517,73,0.8,127.4,83.26,6.24
184,srednekolymsk,0,RU,1613174171,83,67.45,153.68,-25.4,5.97
185,paoua,0,CF,1613174583,23,7.24,16.44,69.44,3.91
186,iqaluit,40,CA,1613174316,71,63.75,-68.51,-4.0,18.41
187,husavik,20,IS,1613174108,64,66.04,-17.34,35.6,12.66
188,bouloupari,0,NC,1613174583,66,-21.87,166.05,86.0,9.22
189,aykhal,93,RU,1613174373,78,66.0,111.5,-22.11,3.09
190,pisco,0,PE,1613174016,65,-13.7,-76.22,77.0,16.11
191,haines junction,0,CA,1613174040,42,60.75,-137.51,1.4,1.07
192,hervey bay,40,AU,1613174208,57,-25.3,152.85,84.0,9.22
193,chapais,90,CA,1613174179,78,49.78,-74.85,-2.2,9.22
194,kaitangata,96,NZ,1613174569,69,-46.28,169.85,64.0,5.01
195,muravlenko,79,RU,1613174585,86,63.79,74.52,-28.68,3.49
196,alyangula,75,AU,1613174585,78,-13.85,136.42,82.4,5.75
197,eureka,100,US,1613174231,96,40.8,-124.16,52.0,4.0
198,blackwater,43,AU,1613174585,49,-23.58,148.88,82.13,8.99
199,hokitika,95,NZ,1613174586,66,-42.72,170.97,60.98,4.56
200,thompson,1,CA,1613174026,63,55.74,-97.86,-16.6,2.3
201,saint-augustin,22,CA,1613174331,92,51.23,-58.65,17.47,12.8
202,sisimiut,76,GL,1613174223,93,66.94,-53.67,12.79,7.29
203,maksatikha,100,RU,1613174587,90,57.8,35.88,2.39,13.8
204,york,90,US,1613174587,43,40.13,-77.0,28.4,4.61
205,upernavik,0,GL,1613174588,80,72.79,-56.15,-1.8,8.21
206,lima,0,PE,1613174321,65,-12.04,-77.03,77.0,9.22
207,antalaha,100,MG,1613174208,89,-14.9,50.28,74.91,4.54
208,mehamn,0,NO,1613174025,85,71.04,27.85,10.4,17.27
209,abha,0,SA,1613174425,58,18.22,42.51,59.0,3.04
210,kikuchi,75,JP,1613174213,76,32.98,130.82,55.4,11.5
211,hovd,4,MN,1613174048,89,48.01,91.64,3.74,0.85
212,kavieng,38,PG,1613174575,75,-2.57,150.8,84.11,9.48
213,young,89,UY,1613174590,81,-32.68,-57.63,71.01,7.18
214,kodinsk,100,RU,1613174166,89,58.69,99.18,-11.18,2.57
215,the valley,40,AI,1613174590,78,18.22,-63.06,77.0,14.97
216,northam,95,GB,1613174100,75,51.03,-4.22,34.0,10.0
217,sinnamary,88,GF,1613174163,87,5.38,-52.95,77.97,14.58
218,balkanabat,0,TM,1613174591,38,39.51,54.37,56.82,13.22
219,north bend,90,US,1613174390,93,43.41,-124.22,51.01,13.8
220,am timan,47,TD,1613174591,20,11.03,20.28,72.91,6.44
221,strezhevoy,0,RU,1613174221,83,60.73,77.59,-20.2,4.47
222,okhotsk,100,RU,1613174536,93,59.38,143.3,14.45,3.78
223,taywarah,0,AF,1613174592,81,33.35,64.42,31.03,2.01
224,anloga,20,GH,1613174319,89,5.79,0.9,82.4,8.05
225,nizwa,0,OM,1613174592,61,22.93,57.53,57.02,0.65
226,saint-joseph,20,RE,1613174469,69,-21.37,55.62,78.8,14.97
227,birao,0,CF,1613174463,21,10.28,22.79,72.52,3.33
228,saint george,1,US,1613174111,31,37.1,-113.58,64.0,4.61
229,topolobampo,20,MX,1613174593,53,25.6,-109.05,73.0,6.91
230,celestun,7,MX,1613174204,78,20.87,-90.4,77.23,15.23
231,bubaque,3,GW,1613174101,62,11.28,-15.83,78.66,12.21
232,marolambo,100,MG,1613174594,93,-20.05,48.12,70.2,0.67
233,quelimane,0,MZ,1613174320,89,-17.88,36.89,80.6,8.05
234,morondava,100,MG,1613174594,87,-20.28,44.28,76.96,16.31
235,la sarre,97,CA,1613174310,89,48.8,-79.2,-10.64,5.55
236,uniontown,93,US,1613174595,61,39.9,-79.72,32.0,1.01
237,faanui,38,PF,1613174595,75,-16.48,-151.75,81.7,12.77
238,victoria,54,HK,1613174496,81,22.29,114.16,64.0,7.43
239,pyapon,93,MM,1613174595,83,16.28,95.68,63.79,5.86
240,lompoc,1,US,1613174549,67,34.64,-120.46,57.2,17.27
241,bathsheba,20,BB,1613174126,65,13.22,-59.52,78.8,17.27
242,belem de sao francisco,1,BR,1613174596,44,-8.75,-38.97,82.58,22.93
243,hualmay,64,PE,1613174088,70,-11.1,-77.61,74.23,9.22
244,nome,90,US,1613174575,74,64.5,-165.41,28.4,21.85
245,hirara,40,JP,1613174220,88,24.8,125.28,69.8,13.8
246,oktyabrskoye,14,RU,1613174102,100,43.06,44.74,33.8,4.47
247,sarwar,0,IN,1613174597,39,26.07,75.0,56.28,4.81
248,pacific grove,40,US,1613174261,76,36.62,-121.92,55.99,12.66
249,chuy,100,UY,1613174542,94,-33.7,-53.46,69.3,9.8
250,shilong,0,CN,1613174598,72,23.11,113.84,66.0,4.47
251,avera,90,US,1613174598,85,33.19,-82.53,44.6,6.91
252,port-gentil,40,GA,1613174039,84,-0.72,8.78,84.2,10.36
253,christchurch,20,NZ,1613173809,68,-43.53,172.63,66.2,19.57
254,neiafu,75,TO,1613174399,78,-18.65,-173.98,82.4,6.91
255,tadine,73,NC,1613174599,65,-21.55,167.88,82.72,3.0
256,nuuk,40,GL,1613173786,79,64.18,-51.72,17.6,12.66
257,lake charles,90,US,1613174600,87,30.21,-93.2,37.4,19.57
258,vila velha,75,BR,1613174185,78,-20.33,-40.29,78.8,8.05
259,havoysund,90,NO,1613174555,74,71.0,24.66,26.6,11.5
260,tilichiki,0,RU,1613174136,84,60.47,166.1,-14.55,14.16
261,gazanjyk,0,TM,1613174122,63,39.24,55.52,49.86,13.89
262,tondano,40,ID,1613174601,100,1.3,124.91,77.0,1.14
263,te anau,89,NZ,1613174025,46,-45.42,167.72,65.03,5.39
264,ixtapa,75,MX,1613174092,64,20.7,-105.2,75.2,13.8
265,sorland,100,NO,1613174169,90,67.67,12.69,33.91,8.57
266,port macquarie,40,AU,1613174061,100,-31.43,152.92,75.99,5.75
267,halifax,97,CA,1613174480,74,44.65,-63.57,26.6,8.05
268,mweka,100,CD,1613174602,95,-4.85,21.57,70.47,1.14
269,mount barker,21,AU,1613174603,72,-35.07,138.87,69.01,1.01
270,maldonado,75,UY,1613174254,94,-34.67,-54.92,66.2,4.61
271,dwarka,0,IN,1613174102,73,22.24,68.97,69.21,8.21
272,saurimo,93,AO,1613174603,94,-9.66,20.39,63.81,3.29
273,puerto escondido,75,MX,1613174014,83,15.85,-97.07,82.4,5.75
274,matay,0,EG,1613174242,59,28.42,30.78,54.48,10.65
275,gimli,100,CA,1613174072,57,50.63,-96.99,-18.4,1.3
276,linkuva,90,LT,1613174604,93,56.09,23.97,17.6,10.36
277,viedma,63,AR,1613174106,73,-40.81,-63.0,73.99,1.01
278,san quintin,69,MX,1613174030,68,30.48,-115.95,59.54,22.84
279,lata,100,PT,1613174171,91,40.16,-8.33,52.0,1.01
280,yatou,0,CN,1613174537,75,37.15,122.38,44.13,4.25
281,muzhi,98,RU,1613174605,88,65.37,64.67,-17.9,2.71
282,haywards heath,0,GB,1613174379,74,51.0,-0.1,28.0,8.05
283,georgetown,20,MY,1613174527,88,5.41,100.34,80.01,5.44
284,kijang,0,KR,1613173917,70,35.24,129.21,39.2,5.75
285,coihaique,0,CL,1613174017,27,-45.58,-72.07,73.4,9.22
286,gazojak,0,TM,1613174117,79,41.19,61.4,40.46,5.84
287,xining,96,CN,1613174050,94,36.62,101.77,25.47,0.74
288,evensk,0,RU,1613174148,78,61.95,159.23,-1.68,6.06
289,nynashamn,0,SE,1613174607,83,58.9,17.95,25.0,3.0
290,kalmunai,33,LK,1613174125,90,7.42,81.82,74.08,7.63
291,aklavik,75,CA,1613174065,71,68.22,-135.01,-7.6,4.65
292,siuna,54,NI,1613174608,64,13.73,-84.78,76.44,4.36
293,ulaanbaatar,0,MN,1613174608,76,47.91,106.88,-20.2,2.08
294,teknaf,33,BD,1613174236,63,20.86,92.31,62.15,6.17
295,vestmannaeyjar,100,IS,1613174187,89,63.44,-20.27,40.96,50.11
296,muros,100,ES,1613174514,77,42.78,-9.06,55.99,15.99
297,guiratinga,100,BR,1613174469,93,-16.35,-53.76,70.23,7.16
298,grindavik,75,IS,1613174569,75,63.84,-22.43,41.0,39.12
299,pedasi,92,PA,1613174609,80,7.53,-80.03,78.21,3.67
300,muli,91,MV,1613174264,70,2.92,73.57,81.43,8.52
301,mlowo,96,TZ,1613174599,99,-9.0,32.98,60.26,1.86
302,mahon,0,ES,1613174032,87,39.89,4.27,53.6,6.91
303,florian,91,CO,1613174610,96,5.8,-73.97,63.05,2.46
304,camana,2,PE,1613174610,73,-16.62,-72.71,73.4,8.72
305,okha,97,RU,1613174447,96,53.57,142.95,12.94,3.4
306,phuntsholing,8,BT,1613174610,48,26.85,89.39,61.88,4.99
307,half moon bay,1,US,1613174248,82,37.46,-122.43,60.01,13.8
308,tobias barreto,0,BR,1613174397,80,-11.18,-38.0,73.81,10.04
309,guerrero negro,88,MX,1613174591,69,27.98,-114.06,61.48,19.22
310,imeni morozova,97,RU,1613174109,36,59.98,31.04,1.99,0.78
311,zhanaozen,1,KZ,1613174611,68,43.3,52.8,43.39,19.33
312,mairana,93,BO,1613174611,100,-18.12,-63.93,57.2,1.3
313,bandarbeyla,96,SO,1613174133,75,9.49,50.81,72.23,11.32
314,banda aceh,78,ID,1613173736,79,5.56,95.32,79.25,7.38
315,oktyabrskiy,100,RU,1613174390,92,54.48,53.47,33.87,11.86
316,ziarat,99,PK,1613174612,62,30.38,67.73,38.23,0.81
317,jaruco,20,CU,1613174613,69,23.04,-82.01,78.8,3.44
318,kayes,0,ML,1613174613,15,14.0,-11.0,80.92,4.94
319,tevaitoa,65,PF,1613174250,73,-16.78,-151.5,81.81,12.82
320,kiruna,38,SE,1613174426,85,67.86,20.23,12.2,8.05
321,ashford,2,GB,1613174417,63,51.15,0.87,28.0,4.0
322,pingliang,100,CN,1613174164,65,35.54,106.69,40.26,5.21
323,faya,0,SA,1613174044,58,18.39,42.45,59.0,3.2
324,ambilobe,100,MG,1613174508,94,-13.2,49.05,73.47,2.04
325,barbate,0,ES,1613174614,93,36.19,-5.92,59.0,5.75
326,udachnyy,99,RU,1613174381,78,66.42,112.4,-21.91,1.79
327,letterkenny,100,IE,1613174615,86,54.95,-7.73,33.35,22.28
328,homer,90,US,1613174366,86,59.64,-151.55,35.01,5.19
329,gao,1,ML,1613174359,17,16.64,1.64,73.87,9.55
330,carman,100,CA,1613174615,63,49.5,-98.0,-14.8,4.61
331,murgab,0,TM,1613174616,61,37.5,61.97,44.6,6.91
332,oyama,20,JP,1613174496,93,36.3,139.8,46.0,3.44
333,punta alta,98,AR,1613174616,73,-38.88,-62.07,73.63,14.12
334,san borja,44,BO,1613174616,92,-14.82,-66.85,73.33,1.63
335,ilulissat,1,GL,1613174063,85,69.22,-51.1,3.2,5.75
336,warrnambool,46,AU,1613174161,77,-38.38,142.48,64.99,11.97
337,kununurra,50,AU,1613174136,84,-15.77,128.73,86.0,4.61
338,pevek,100,RU,1613174576,89,69.7,170.31,-20.38,5.5
339,dongsheng,100,CN,1613174618,78,39.82,109.98,28.76,3.71
340,salalah,0,OM,1613174561,40,17.02,54.09,69.8,5.75
341,baruun-urt,97,MN,1613174516,84,46.68,113.28,-5.53,5.5
342,yar-sale,100,RU,1613174618,88,66.83,70.83,-18.33,3.15
343,margherita,40,IN,1613174618,88,27.28,95.68,57.2,1.74
344,vilyuysk,100,RU,1613174619,89,63.76,121.62,-15.68,5.57
345,shaunavon,100,CA,1613174619,64,49.65,-108.42,-13.0,11.5
346,makakilo city,1,US,1613174036,53,21.35,-158.09,78.8,5.75
347,kpandu,30,GH,1613174620,79,7.0,0.29,81.61,9.51
348,tougan,0,BF,1613174620,15,13.07,-3.07,78.51,8.75
349,iberia,90,US,1613174124,93,29.95,-91.75,37.4,16.11
350,road town,20,VG,1613174387,73,18.42,-64.62,78.8,14.97
351,boueni,90,YT,1613174621,74,-12.9,45.08,84.2,8.05
352,mitsamiouli,100,KM,1613174373,80,-11.38,43.28,81.97,14.74
353,mayumba,92,GA,1613174621,85,-3.43,10.66,79.61,8.79
354,eyl,93,SO,1613174227,82,7.98,49.82,69.82,10.4
355,shar,54,KZ,1613174622,92,49.59,81.05,-4.63,1.86
356,manicore,95,BR,1613174622,94,-5.81,-61.3,76.32,0.54
357,two hills,100,CA,1613174622,92,53.72,-111.75,-4.0,4.61
358,codrington,46,AU,1613174559,62,-38.27,141.97,63.82,11.18
359,sedkyrkeshch,0,RU,1613174622,77,61.75,50.92,-11.2,6.71
360,itarema,47,BR,1613174077,80,-2.92,-39.92,80.2,12.15
361,ragama,0,ES,1613174623,93,41.0,-5.13,46.0,4.61
362,say,0,NE,1613174623,10,13.1,2.37,78.8,5.75
363,monte alegre de minas,40,BR,1613174579,88,-18.87,-48.88,68.0,12.66
364,kirakira,94,SB,1613174623,77,-10.45,161.92,83.62,11.05
365,sambava,100,MG,1613174624,89,-14.27,50.17,73.85,4.47
366,kahului,20,US,1613174127,51,20.89,-156.47,82.4,10.36
367,nanortalik,99,GL,1613174030,87,60.14,-45.24,32.83,9.84
368,vichuga,100,RU,1613174624,94,57.21,41.93,5.27,16.6
369,anadyr,74,RU,1613174525,69,64.75,177.48,-22.0,11.18
370,skibbereen,90,IE,1613174342,93,51.55,-9.27,39.2,32.21
371,amudat,31,UG,1613174625,67,1.95,34.95,68.13,4.16
372,espinosa,73,BR,1613174626,83,-14.93,-42.82,70.09,4.0
373,ziro,47,IN,1613174355,100,27.63,93.83,38.53,2.35
374,mwingi,99,KE,1613174626,86,-0.93,38.06,68.81,5.77
375,meyzieu,90,FR,1613174626,80,45.77,5.0,28.4,5.75
376,bambous virieux,40,MU,1613174517,83,-20.34,57.76,77.0,14.97
377,poum,0,NC,1613174148,71,-20.23,164.02,80.46,8.16
378,stornoway,52,GB,1613174627,56,58.21,-6.39,37.4,16.11
379,sao felix do xingu,97,BR,1613174467,94,-6.64,-51.99,74.88,1.52
380,dinguiraye,0,GN,1613174314,20,11.3,-10.72,73.62,1.19
381,minab,90,IR,1613174576,94,27.15,57.08,62.6,4.61
382,jonuta,75,MX,1613174628,94,18.08,-92.13,77.0,6.91
383,cabot,90,US,1613174592,64,34.97,-92.02,28.4,11.5
384,walvis bay,77,NA,1613174200,83,-22.96,14.51,70.0,8.05
385,butembo,100,CD,1613174628,64,0.15,29.28,63.28,2.73
386,port blair,90,IN,1613174099,77,11.67,92.75,78.08,8.99
387,koflach,53,AT,1613174629,79,47.07,15.08,16.0,1.14
388,mancio lima,99,BR,1613174629,94,-7.61,-72.9,74.98,1.21
389,bereda,100,ES,1613174170,90,43.27,-7.54,46.99,5.99
390,west wendover,75,US,1613174630,35,40.74,-114.07,51.8,16.11
391,camacha,0,PT,1613174557,82,33.08,-16.33,57.2,2.3
392,nadvoitsy,96,RU,1613174631,94,63.87,34.32,5.38,8.75
393,huarmey,69,PE,1613174157,65,-10.07,-78.15,74.53,7.4
394,berezayka,100,RU,1613174631,89,57.99,33.9,1.0,11.65
395,lorengau,96,PG,1613174136,71,-2.02,147.27,84.92,5.55
396,maridi,0,SS,1613174631,26,4.92,29.47,71.31,0.56
397,kodiak,90,US,1613174523,80,57.79,-152.41,33.8,21.85
398,borujerd,0,IR,1613174632,57,33.9,48.75,41.7,3.51
399,mantua,100,IT,1613174632,64,45.17,10.78,33.01,13.0
400,kaeo,0,NZ,1613174284,51,-35.1,173.78,75.99,7.0
401,sulangan,85,PH,1613174257,75,11.14,123.72,81.84,3.96
402,south lake tahoe,1,US,1613174633,60,38.93,-119.98,51.8,10.36
403,ximei,75,CN,1613174633,77,24.96,118.38,62.6,8.95
404,mirandopolis,100,BR,1613174544,89,-21.13,-51.1,70.93,3.89
405,xichang,15,CN,1613174581,62,27.9,102.26,48.0,0.81
406,lensk,100,RU,1613174133,85,60.73,114.93,-12.37,3.78
407,kupang,75,ID,1613174542,100,-10.17,123.58,78.8,1.14
408,quatre cocos,40,MU,1613174423,83,-20.21,57.76,77.0,14.97
409,omsukchan,34,RU,1613174634,85,62.53,155.8,-14.15,4.56
410,chokwe,100,MZ,1613174635,94,-24.53,32.98,75.63,10.36
411,mandalgovi,50,MN,1613174080,76,45.76,106.27,3.83,8.95
412,cayenne,75,GF,1613174635,94,4.93,-52.33,78.8,9.22
413,matara,60,LK,1613174635,89,5.95,80.54,72.88,2.28
414,krutinka,25,RU,1613174636,89,56.01,71.51,-13.49,8.43
415,beringovskiy,100,RU,1613174133,88,63.05,179.32,-13.61,28.05
416,grants pass,90,US,1613174582,81,42.44,-123.33,50.0,4.61
417,umm lajj,12,SA,1613174397,62,25.02,37.27,75.81,8.93
418,hermosillo,40,MX,1613174599,22,29.07,-110.97,77.0,17.27
419,kalat,87,PK,1613174637,46,29.02,66.59,44.96,6.76
420,tabuk,84,PH,1613174637,83,17.42,121.44,70.72,4.18
421,novochernorechenskiy,50,RU,1613174637,86,56.27,91.08,-21.19,4.16
422,doembang nangbuat,0,TH,1613174638,82,14.83,100.1,75.99,5.32
423,labuhan,100,ID,1613174547,85,-6.88,112.21,78.69,8.03
424,ikom,32,NG,1613174638,89,5.97,8.71,74.88,2.01
425,medak,44,IN,1613174638,56,18.03,78.27,64.99,5.79
426,aitape,97,PG,1613174638,91,-3.14,142.35,76.62,9.04
427,macomer,75,IT,1613174639,94,40.26,8.77,55.4,12.66
428,sangar,100,RU,1613174129,92,63.92,127.47,-3.51,5.01
429,mwense,95,ZM,1613174639,94,-10.38,28.7,66.85,3.13
430,marsh harbour,12,BS,1613174541,82,26.54,-77.06,75.22,14.94
431,guanica,2,PR,1613174639,72,17.97,-66.91,75.0,12.26
432,wanaka,93,NZ,1613174096,44,-44.7,169.15,72.0,5.99
433,rio grande,100,BR,1613174013,91,-32.03,-52.1,73.99,14.99
434,fort pierce,1,US,1613174452,73,27.45,-80.33,75.99,9.22
435,cabedelo,90,BR,1613174162,94,-6.98,-34.83,77.0,11.5
436,bonthe,27,SL,1613174064,84,7.53,-12.51,78.64,7.23
437,saint-paul,75,RE,1613174641,69,-21.01,55.27,77.0,12.66
438,malm,90,NO,1613174641,79,64.07,11.22,35.01,8.05
439,rizhao,0,CN,1613174642,81,35.43,119.46,44.49,3.33
440,stephenville,90,US,1613174642,80,32.22,-98.2,28.0,8.05
441,cessnock,100,AU,1613174277,98,-32.83,151.35,73.0,1.77
442,lewiston,1,US,1613174642,56,44.1,-70.21,15.01,3.44
443,pangnirtung,20,CA,1613174042,77,66.15,-65.71,-7.6,1.54
444,marystown,83,CA,1613174309,93,47.17,-55.15,29.55,21.23
445,golub-dobrzyn,30,PL,1613174643,97,53.11,19.05,16.75,7.23
446,deputatskiy,100,RU,1613174468,90,69.3,139.9,-15.25,2.8
447,goderich,95,CA,1613174073,73,43.75,-81.72,12.2,3.44
448,grand gaube,13,MU,1613174165,82,-20.01,57.66,73.99,5.01
449,luangwa,100,ZM,1613174644,93,-15.62,30.42,72.45,5.32
450,beyneu,42,KZ,1613174314,84,45.32,55.2,36.19,17.63
451,trairi,35,BR,1613174644,82,-3.28,-39.27,79.41,8.37
452,sur,0,OM,1613174644,54,22.57,59.53,67.69,5.53
453,itoman,40,JP,1613174068,88,26.12,127.67,68.0,10.36
454,chalmette,90,US,1613174645,87,29.94,-89.96,50.0,8.05
455,yaan,71,NG,1613174636,16,7.38,8.57,79.52,2.64
456,kalengwa,97,ZM,1613174646,96,-13.47,25.0,63.14,4.32
457,tura,0,IN,1613174183,54,25.52,90.22,60.4,2.62
458,praia da vitoria,40,PT,1613174050,77,38.73,-27.07,60.01,25.99
459,caravelas,13,BR,1613174144,86,-17.71,-39.25,76.19,5.68
460,maua,90,BR,1613174334,88,-23.67,-46.46,69.8,10.36
461,banff,58,CA,1613174403,47,51.18,-115.57,6.8,4.61
462,vyshestebliyevskaya,56,RU,1613174552,68,45.2,37.02,26.6,15.66
463,zalesovo,0,RU,1613174647,87,53.99,84.74,-23.24,2.75
464,mao,0,ES,1613174647,87,39.89,4.27,53.6,6.91
465,brae,90,GB,1613174117,51,60.4,-1.35,35.6,25.32
466,durango,0,MX,1613174426,26,24.83,-104.83,62.29,2.64
467,helong,68,CN,1613174648,86,42.54,129.0,33.89,2.8
468,henties bay,86,NA,1613174324,88,-22.12,14.28,70.0,7.0
469,mugur-aksy,23,RU,1613174648,79,50.35,90.5,-9.63,5.14
470,dong hoi,0,VN,1613174056,81,17.48,106.6,61.61,3.15
471,berdigestyakh,100,RU,1613174484,89,62.1,126.7,-10.26,5.95
472,naze,75,JP,1613174558,88,28.37,129.48,66.2,20.71
473,soyo,85,AO,1613174058,81,-6.13,12.37,79.84,6.58
474,dauphin,1,CA,1613174650,57,51.15,-100.05,-20.2,4.97
475,jatibarang,100,ID,1613174334,85,-6.47,108.32,77.72,3.33
476,ahipara,0,NZ,1613174208,50,-35.17,173.17,72.82,3.94
477,erenhot,0,CN,1613174394,88,43.65,111.98,7.05,5.99
478,malinyi,98,TZ,1613174651,95,-8.93,36.13,70.27,1.05
479,kamina,100,CD,1613174651,96,-8.74,24.99,64.53,3.69
480,ancona,90,IT,1613174519,93,43.55,13.17,37.99,4.61
481,mulege,50,MX,1613174651,31,26.88,-111.98,72.68,5.19
482,kuching,20,MY,1613174071,100,1.55,110.33,75.2,3.69
483,misratah,0,LY,1613174550,74,32.38,15.09,58.17,12.64
484,meadow lake,75,US,1613174411,30,34.8,-106.54,55.99,17.27
485,hamilton,97,US,1613174105,73,39.18,-84.53,28.0,4.0
486,kushima,75,JP,1613174652,94,31.46,131.23,55.4,16.11
487,abu kamal,80,SY,1613174652,45,34.45,40.92,56.7,4.03
488,tessalit,0,ML,1613174271,19,20.2,1.01,69.04,9.06
489,kurchum,76,KZ,1613174081,93,48.57,83.65,2.66,0.96
490,sabang,46,ID,1613174653,77,5.89,95.32,82.89,12.39
491,malpe,20,IN,1613174221,83,13.35,74.72,73.4,4.61
492,mareeba,75,AU,1613174213,78,-17.0,145.43,82.4,5.75
493,santa cruz del sur,4,CU,1613174654,79,20.71,-78.0,76.78,4.25
494,newport,51,GB,1613174137,76,51.59,-3.0,28.99,17.07
495,ca mau,98,VN,1613174109,79,9.18,105.15,74.66,7.14
496,dukat,8,RU,1613174654,84,62.55,155.55,-12.6,4.34
497,tukrah,27,LY,1613174655,77,32.53,20.58,53.33,1.7
498,libenge,9,CD,1613174655,26,3.65,18.63,71.8,3.74
499,nouadhibou,0,MR,1613174249,77,20.93,-17.03,64.4,20.71
